sample,reads_total,reads_aligned,correction_without_bystanders,correction_with_tolerated_bystanders,correction_with_any_AtoG_change,correction_with_any_change_in_protospacer,column E minus column D,column F minus column E,column G minus column F,target_locus,perfect_correction,corrected_locus_with_bystanders
Icosa03_P281L_reg_ABE88_g5_1,2670,2525,31.524752475247528,31.960396039603964,35.96039603960396,36.39603960396037,0.43564356435643603,3.999999999999993,0.43564356435641116,TCACAGTTCGGGGGTATACA,TCACGGTTCGGGGGTATACA,TCACGGTTCGGGGGTATACA;TCACGGTTCGGGGGTGTACA
Icosa03_P281L_reg_ABE88_g5_2,5296,4804,31.806827643630307,32.18151540383014,36.69858451290591,37.2189841798501,0.3746877601998335,4.51706910907577,0.5203996669441935,TCACAGTTCGGGGGTATACA,TCACGGTTCGGGGGTATACA,TCACGGTTCGGGGGTATACA;TCACGGTTCGGGGGTGTACA
Icosa03_P281L_reg_ABE88_g5_3,4280,3726,25.711218464841654,25.89908749329039,29.683306494900698,30.032206119162627,0.18786902844873765,3.7842190016103068,0.34889962426192866,TCACAGTTCGGGGGTATACA,TCACGGTTCGGGGGTATACA,TCACGGTTCGGGGGTATACA;TCACGGTTCGGGGGTGTACA
Icosa03_P281L_UTD_1,5037,4492,1.9367764915405163,1.9367764915405163,1.9367764915405163,1.9590382902938555,0.0,0.0,0.022261798753339113,TCACAGTTCGGGGGTATACA,TCACGGTTCGGGGGTATACA,TCACGGTTCGGGGGTATACA;TCACGGTTCGGGGGTGTACA
Icosa03_P281L_UTD_2,3518,3269,2.294279596206791,2.294279596206791,2.294279596206791,2.3248699908228816,0.0,0.0,0.030590394616090588,TCACAGTTCGGGGGTATACA,TCACGGTTCGGGGGTATACA,TCACGGTTCGGGGGTATACA;TCACGGTTCGGGGGTGTACA
Icosa03_P281L_UTD_3,5594,5162,1.9178612940720647,1.9178612940720647,1.9178612940720647,1.9372336303758229,0.0,0.0,0.01937233630375812,TCACAGTTCGGGGGTATACA,TCACGGTTCGGGGGTATACA,TCACGGTTCGGGGGTATACA;TCACGGTTCGGGGGTGTACA
Icosa03_PCSK9_reg_ABE88_g6_1,1295,990,40.40404040404041,40.40404040404041,40.40404040404041,42.02020202020204,0.0,0.0,1.6161616161616337,CCCGCACCTTGGCGCAGCGG,CCGCTGCGCCAAGGCGCGGG,CCGCTGCGCCAAGGCGCGGG
Icosa03_PCSK9_reg_ABE88_g6_2,2510,1739,46.63599769982749,46.63599769982749,46.63599769982749,48.07360552041402,0.0,0.0,1.4376078205865284,CCCGCACCTTGGCGCAGCGG,CCGCTGCGCCAAGGCGCGGG,CCGCTGCGCCAAGGCGCGGG
Icosa03_PCSK9_reg_ABE88_g6_3,1383,1046,43.11663479923518,43.11663479923518,43.11663479923518,44.455066921606125,0.0,0.0,1.3384321223709463,CCCGCACCTTGGCGCAGCGG,CCGCTGCGCCAAGGCGCGGG,CCGCTGCGCCAAGGCGCGGG
Icosa03_PCSK9_UTD_1,2003,1611,0.1241464928615766,0.1241464928615766,0.1241464928615766,0.1241464928615766,0.0,0.0,0.0,CCCGCACCTTGGCGCAGCGG,CCGCTGCGCCAAGGCGCGGG,CCGCTGCGCCAAGGCGCGGG
Icosa03_PCSK9_UTD_2,780,664,0.3012048192771084,0.3012048192771084,0.3012048192771084,0.3012048192771084,0.0,0.0,0.0,CCCGCACCTTGGCGCAGCGG,CCGCTGCGCCAAGGCGCGGG,CCGCTGCGCCAAGGCGCGGG
Icosa03_PCSK9_UTD_3,544,397,0.0,0.0,0.0,0.0,0.0,0.0,0.0,CCCGCACCTTGGCGCAGCGG,CCGCTGCGCCAAGGCGCGGG,CCGCTGCGCCAAGGCGCGGG
Icosa03_R261Stop_SpG_ABE820_g3_1,3209,2357,0.0848536274925753,0.0848536274925753,3.3517182859567245,3.394145099703012,0.0,3.266864658464149,0.04242681374628754,GAAGACTCAGAAGGCCAGGC,GAAGACTCGGAAGGCCAGGC,GAAGACTCGGAAGGCCAGGC
Icosa03_R261Stop_SpG_ABE820_g3_2,2728,1851,0.0540248514316585,0.0540248514316585,2.6472177201512697,2.7012425715829282,0.0,2.593192868719611,0.05402485143165858,GAAGACTCAGAAGGCCAGGC,GAAGACTCGGAAGGCCAGGC,GAAGACTCGGAAGGCCAGGC
Icosa03_R261Stop_SpG_ABE820_g3_3,2723,2437,0.2051702913418137,0.2051702913418137,3.8572014772260967,3.980303652031185,0.0,3.652031185884283,0.12310217480508845,GAAGACTCAGAAGGCCAGGC,GAAGACTCGGAAGGCCAGGC,GAAGACTCGGAAGGCCAGGC
Icosa03_R261Stop_SpG_ABE88_g3_1,22,15,0.0,0.0,0.0,0.0,0.0,0.0,0.0,GAAGACTCAGAAGGCCAGGC,GAAGACTCGGAAGGCCAGGC,GAAGACTCGGAAGGCCAGGC
Icosa03_R261Stop_SpG_ABE88_g3_2,2673,1974,0.0,0.0,0.7092198581560283,0.7598784194528874,0.0,0.7092198581560283,0.050658561296859084,GAAGACTCAGAAGGCCAGGC,GAAGACTCGGAAGGCCAGGC,GAAGACTCGGAAGGCCAGGC
Icosa03_R261Stop_SpG_ABE88_g3_3,613,492,0.2032520325203252,0.2032520325203252,0.4065040650406504,0.4065040650406504,0.0,0.2032520325203252,0.0,GAAGACTCAGAAGGCCAGGC,GAAGACTCGGAAGGCCAGGC,GAAGACTCGGAAGGCCAGGC
Icosa03_R261Stop_SpG_v106w_g3_1,3563,3383,0.1182382500738989,0.1182382500738989,3.1628731894767963,3.3106710020691703,0.0,3.0446349394028975,0.147797812592374,GAAGACTCAGAAGGCCAGGC,GAAGACTCGGAAGGCCAGGC,GAAGACTCGGAAGGCCAGGC
Icosa03_R261Stop_SpG_v106w_g3_2,4324,2600,0.0384615384615384,0.0384615384615384,3.9615384615384617,4.346153846153846,0.0,3.9230769230769234,0.38461538461538414,GAAGACTCAGAAGGCCAGGC,GAAGACTCGGAAGGCCAGGC,GAAGACTCGGAAGGCCAGGC
Icosa03_R261Stop_SpG_v106w_g3_3,3161,2589,0.3476245654692931,0.3476245654692931,4.094244882193897,4.132869833912707,0.0,3.746620316724604,0.038624951718809974,GAAGACTCAGAAGGCCAGGC,GAAGACTCGGAAGGCCAGGC,GAAGACTCGGAAGGCCAGGC
Icosa03_R261Stop_SpRY_ABE820_g5_2,34,22,0.0,0.0,9.090909090909092,9.090909090909092,0.0,9.090909090909092,0.0,GAAGACTCAGAAGGCCAGGC,GAAGACTCGGAAGGCCAGGC,GAAGACTCGGAAGGCCAGGC
